LAT,LON
40.591374,-74.754135
29.818482,-95.433053
29.726048,-95.512583
41.1754,-73.7573
35.9284,-81.2789
45.836686,-119.270238
38.307597,-86.867234
33.397033,-104.532085
39.6527,-77.1714
39.79,-86.8007
37.385422,-100.194895
39.9394,-75.1655
29.1959,-81.0272
31.391031,-100.402958
34.144325,-79.020468
30.67201,-81.454429
38.57755,-90.518481
40.5892,-74.4124
36.042391,-115.080982
33.8857,-84.1002
37.9632,-97.1458
42.369356,-74.509075
33.895375,-83.108749
39.854529,-83.067009
31.973712,-95.287586
27.496658,-82.601617
41.314671,-111.961387
44.451148,-108.433748
41.776486,-87.804451
36.60121,-121.866881
33.730073,-118.299349
46.3794,-120.7321
30.211221,-95.517395
35.053467,-80.93332
42.1043,-80.0628
42.476211,-96.174898
34.758513,-82.415776
40.6505,-74.2121
29.9714,-93.9953
30.441943,-88.893685
34.164116,-118.227573
35.64,-77.9384
40.3298,-79.9705
42.27619,-88.15681
32.80707,-117.148872
35.180699,-107.798101
35.7475,-79.6935
47.2925,-122.5936
41.871946,-80.816774
43.667227,-71.490381
38.199638,-122.71578
42.389361,-83.046303
41.318436,-72.325323
36.575363,-89.585953
27.962882,-82.445747
34.4638,-114.2713
35.327161,-120.832491
36.140989,-82.868191
29.687533,-95.512883
34.667874,-92.390846
38.3801,-76.7161
45.0062,-123.0397
33.609807,-91.812778
43.279135,-76.148305
29.671477,-95.501674
38.654625,-121.546658
29.424892,-98.539965
34.0318,-118.4769
39.909173,-82.733666
33.7119,-84.7526
39.020601,-84.608425
42.350353,-71.145895
27.487207,-81.431602
43.17937,-89.266301
37.437661,-83.985862
31.426806,-100.485962
34.0145,-117.3258
41.596451,-73.880277
40.670896,-73.907818
40.230437,-78.822005
37.0948,-81.7803
41.96291,-79.203177
27.881411,-81.819562
41.690449,-93.822966
40.7865,-77.8073
35.2105,-81.0837
48.220111,-97.791335
42.089042,-88.842488
42.187638,-86.250851
40.6044,-73.9552
47.66529,-117.224941
41.620818,-93.532999
36.115832,-115.109201
34.417788,-117.577601
36.3414,-95.8313
40.666139,-73.87634
45.164135,-67.24213
33.5089,-112.0902
35.547655,-97.610557
36.2544,-83.2039
35.7807,-79.3666
43.397104,-97.139844
35.438535,-80.728023
38.0044,-121.7189
41.7298,-87.655
38.4649,-77.4489
32.790236,-116.944118
41.829346,-71.427507
47.1947,-122.2322
40.7409,-89.0201
33.307596,-86.782184
35.980827,-84.110869
42.9779,-83.6154
40.197851,-93.125903
43.514386,-116.55896
26.750378,-80.06348
42.605499,-94.997898
30.61752,-97.204731
39.8965,-74.8059
29.890602,-95.649433
32.565204,-96.941944
34.21711,-118.538756
32.155093,-98.024376
25.804119,-80.202658
26.4537,-80.0864
37.9798,-87.3835
36.976882,-120.609053
35.3159,-78.6176
37.711144,-113.062692
33.7881,-85.7784
43.1925,-88.9922
33.991294,-81.338164
35.447701,-100.27348
41.393655,-81.81794
43.66948,-111.934209
27.949711,-97.590623
40.335141,-76.473241
34.600699,-92.324115
43.022,-74.3733
34.10892,-118.041903
42.3349,-76.7928
42.586291,-71.977448
47.7412,-122.0429
34.621205,-120.207026
44.783271,-93.554658
41.5686,-87.5147
43.3877,-84.6578
41.5803,-87.2324
41.520117,-87.967627
27.299188,-80.395561
33.50987,-116.12776
37.0966,-86.0464
48.600761,-112.603046
35.484,-97.6135
44.078044,-93.501706
33.766091,-118.31598
35.7981,-89.15
41.137281,-112.029729
33.8506,-118.3641
41.2051,-73.8833
36.2575,-77.9424
13.397007,144.678686
32.752207,-96.806882
47.106894,-119.266674
36.0435,-90.291876
41.0209,-73.7591
40.7425,-75.2982
35.36932,-119.022905
34.877546,-89.687192
18.177336,-65.867254
40.8071,-74.2604
40.534082,-75.062267
33.835374,-117.913275
29.751544,-95.328853
36.382554,-94.216407
31.473408,-98.151493
45.8163,-120.8165
43.639013,-94.098517
61.521812,-166.096304
40.970156,-117.734495
43.506137,-83.391446
42.0971,-88.7185
32.253963,-80.877647
45.053077,-92.155153
41.1366,-81.8622
47.9216,-122.0541
33.14543,-117.035159
42.486345,-70.958112
39.422675,-75.740239
40.6996,-73.9038
41.58498,-87.31998
40.768821,-87.990776
35.926783,-81.535735
38.794,-121.3349
44.0705,-89.2992
33.8897,-117.3097
39.060306,-94.602896
40.7757,-74.0253
45.5044,-122.5222
29.9439,-96.2542
41.764965,-71.242191
42.46363,-82.96204
41.4896,-87.3329
44.6892,-75.4846
41.802393,-78.442924
32.070832,-81.086287
39.083211,-108.479619
33.39498,-112.167071
35.390316,-94.688896
32.953213,-112.718666
41.284101,-80.959959
28.031181,-81.714154
41.7881,-87.7197
35.5043,-96.8924
31.897402,-92.24236
41.9752,-87.6801
44.943511,-93.130298
38.3323,-86.581
36.767854,-80.734866
39.263782,-94.444341
32.000151,-102.099082
30.362675,-103.664251
35.8265,-79.8211
40.0987,-75.254
40.716797,-116.110229
29.422732,-98.524738
28.801946,-81.732921
29.751023,-95.480849
42.204747,-71.845164
42.197365,-86.261219
37.058054,-120.847058
37.965699,-122.526057
32.85659,-96.704503
34.91539,-97.776422
41.304748,-112.037442
36.3332,-94.44557
39.540117,-119.714115
38.635559,-90.092792
29.48639,-98.561281
32.780992,-97.286916
36.1094,-79.8003
44.444823,-92.267107
41.9475,-87.7355
34.123,-77.9089
30.66502,-97.893301
46.3586,-94.7967
41.837114,-71.403963
31.152292,-89.415126
39.062389,-122.918166
45.767063,-122.544664
35.0792,-85.6317
39.142789,-121.144744
40.8371,-73.9135
48.590252,-109.229072
36.5879,-94.7762
38.564313,-75.568182
29.479319,-98.605191
32.24342,-90.222119
41.956436,-88.362188
37.461291,-89.252586
45.6846,-121.5465
40.6664,-74.2546
43.646115,-116.561982
45.027673,-92.788804
40.0393,-75.0519
30.262,-91.2503
42.9644,-88.0917
31.762845,-106.491129
38.737716,-94.820793
44.211929,-70.535141
42.262751,-96.868426
31.678466,-98.961455
44.638287,-70.131754
32.359271,-90.241394
40.67485,-89.653174
41.4472,-75.6036
31.580228,-97.078348
40.871013,-73.629791
42.360146,-83.047588
40.78893,-74.147591
41.5501,-73.0377
37.638674,-122.100354
36.842018,-86.845992
39.77501,-105.009658
36.161493,-115.194167
36.256667,-115.176877
41.171333,-80.692573
28.18631,-80.602224
46.435203,-115.887572
42.6699,-88.279
39.3653,-76.7569
40.3352,-80.0965
30.198711,-95.751675
33.96,-84.4791
31.982849,-102.12767
29.820662,-95.533147
30.437597,-84.217785
39.255702,-121.198999
43.552115,-116.53923
32.4338,-85.0205
29.893404,-95.621842
41.81116,-71.416421
42.453714,-89.054305
44.913291,-93.279083
33.9497,-83.7899
43.248564,-89.332365
35.734783,-83.448048
32.4875,-92.0886
36.2966,-76.9982
29.810014,-95.181706
39.7545,-105.0342
29.819847,-95.549803
29.5951,-97.962
40.8026,-73.9659
35.309825,-119.620902
36.1565,-95.9907
38.547717,-91.021014
33.764114,-96.537325
45.3253,-122.9824
61.531048,-165.585866
40.475532,-96.968742
39.5236,-83.436
36.595555,-94.382871
43.6058,-83.8655
41.208379,-85.181659
44.362137,-97.137316
41.535,-73.4309
38.777212,-121.365536
30.062205,-95.184391
40.546317,-111.847662
43.2398,-77.6527
28.041748,-80.651368
29.589172,-98.395319
28.452656,-82.626332
33.001502,-96.623892
42.078146,-79.220108
40.2764,-74.2093
43.572743,-116.283263
47.222439,-93.502833
29.996313,-95.480498
33.9488,-117.2124
32.860683,-117.205429
43.087634,-96.168203
40.314,-88.1494
33.427704,-104.513533
35.8772,-84.0671
41.269041,-112.017033
33.124833,-115.524939
43.1655,-88.1328
38.5139,-90.207
42.54365,-88.472173
40.629,-73.9798
41.452769,-81.456173
32.059952,-81.099486
36.9805,-85.9302
36.762704,-88.65094
34.0338,-117.9662
42.0092,-88.692
35.0536,-87.1573
34.0167,-85.0676
32.659887,-116.966695
35.009053,-90.796539
41.722837,-73.96442
34.540262,-101.760354
37.3629,-79.8999
34.057486,-118.261472
35.9359,-79.0436
40.4526,-79.8943
32.649527,-96.946979
40.028618,-74.895351
29.472289,-98.505191
40.8741,-74.2658
41.3911,-75.664
43.672989,-70.354595
43.699617,-116.412101
33.846753,-91.027864
36.3474,-83.2288
34.143955,-117.845426
40.7292,-73.9824
46.3833,-120.3133
37.847705,-94.370374
29.87189,-93.9494
35.1199,-90.0446
38.4252,-122.7462
27.907218,-97.156409
29.737194,-95.376308
34.038341,-117.153714
45.6254,-89.3675
33.915901,-81.392553
40.7579,-74.2465
33.674069,-96.599921
34.251412,-116.830695
41.686771,-72.806085
40.618018,-111.868573
35.300523,-81.275771
36.117589,-92.136175
41.1393,-73.5261
42.766085,-71.513285
29.427174,-98.55183
42.4364,-83.3359
35.298,-82.1728
42.753352,-93.208959
34.09164,-118.30289
40.656281,-73.982607
40.009,-85.5273
32.4213,-85.6872
29.68673,-95.607968
19.423863,-155.241402
35.084504,-96.397625
40.761187,-124.061784
61.112675,-149.909458
33.647867,-117.656193
39.603895,-84.16765
31.97054,-110.93292
36.21904,-119.340667
38.3362,-77.053
37.763684,-122.429081
38.828656,-77.475722
33.457467,-96.738417
44.872023,-93.492887
45.625343,-122.639837
26.515184,-81.926887
33.60303,-112.372216
36.983822,-121.985802
40.8724,-73.8836
30.17619,-84.381549
30.051751,-95.151975
41.949237,-87.957902
35.2238,-80.6252
33.151598,-95.954404
39.7899,-104.7366
47.097526,-94.579334
42.7647,-78.7487
33.4877,-117.1041
31.147699,-97.834922
28.965,-95.364767
40.7164,-73.9039
38.628297,-121.494968
33.5118,-84.4709
34.908227,-90.169029
38.682688,-90.152781
40.7443,-73.729
40.6374,-73.9371
42.728,-83.2888
29.922224,-95.450279
32.291942,-84.018801
37.214048,-87.465852
40.811001,-73.956581
26.286926,-98.331976
33.9789,-117.3804
43.604893,-95.620718
40.1695,-75.2267
35.6435,-78.4705
35.171686,-95.656779
44.24532,-86.272541
38.236923,-87.635017
33.873498,-98.48626
31.421267,-103.486125
41.015634,-74.553904
37.231574,-89.270961
33.669816,-95.269303
36.0137,-96.9028
39.9973,-75.1406
33.137456,-94.962357
35.1303,-97.3809
40.45046,-79.806361
71.298478,-156.743762
42.2245,-79.8295
34.011962,-118.485582
40.862694,-79.918927
38.44258,-81.478186
46.65346,-120.533818
34.1182,-117.3272
40.29,-74.0192
37.636574,-122.451896
42.521686,-94.185973
36.3315,-85.9046
37.846915,-85.506575
39.231995,-84.602799
35.4413,-97.5711
32.788702,-96.75363
34.188048,-97.124463
43.0907,-75.6461
39.7074,-84.1419
42.714939,-94.228514
26.291264,-98.361918
40.0035,-75.1481
30.39312,-91.23882
34.07,-84.2123
41.007274,-74.011805
30.5526,-88.1751
40.4692,-79.0424
37.62064,-120.748742
38.482007,-90.44535
34.57297,-92.988331
40.963521,-73.973195
39.924549,-84.087725
40.809009,-73.921805
41.4712,-87.0434
39.8248,-84.8682
35.5902,-80.8015
43.06184,-92.657191
37.3161,-88.0968
40.1687,-74.0604
47.1448,-122.4521
37.688015,-121.796637
40.183643000000004,-92.562828
18.031458,-66.848398
31.992619,-106.601172
46.530402,-122.485903
34.028064,-118.339818
43.1536,-88.21622
32.93602,-111.73693
36.539253,-104.543912
42.3999,-85.3767
43.655754,-116.244077
30.769543,-86.570633
33.7017,-86.6804
37.7004,-77.8971
30.24709,-97.764861
60.810742,-161.423994
36.949278,-93.996386
25.734019,-80.430894
45.51545,-122.499725
43.0501,-78.8685
33.368618,-86.985203
33.2458,-87.5694
29.987839,-95.521617
43.656236,-97.785392
40.742079,-111.845958
43.075935,-75.169395
37.950386,-122.077361
41.953963,-71.544601
39.940522,-83.292779
42.53996,-83.060184
41.170271,-104.806988
30.280925,-97.635962
43.274591,-85.076351
28.983848,-96.651645
39.874163,-84.326065
36.2154,-82.696
36.00213,-83.78341
40.5885,-75.429
33.361326,-101.554094
18.316035,-66.93584
36.2766,-80.8886
39.420023,-94.901097
33.5883,-82.1875
36.17683,-95.955394
35.997074,-84.26
32.71839,-114.627672
32.017567,-110.774679
41.7564,-86.1241
35.7719,-119.2552
44.25914,-88.2796
38.803906,-82.982182
39.7981,-76.9777
35.2688,-111.5221
37.927988,-122.35969
38.6713,-87.5
33.487508,-89.734729
32.601648,-88.186266
41.0898,-78.8843
46.0757,-118.307281
41.17714,-112.085104
29.085901,-82.198306
41.7846,-87.6573
30.741643,-85.958837
42.174774,-88.083598
35.083313,-78.951917
25.935694,-97.508397
34.975772,-90.003708
39.4754,-76.2483
45.702223,-87.34491
46.487952,-87.669518
47.316794,-109.939819
35.787043,-80.871649
33.504455,-112.021091
42.314558,-90.237152
37.157486,-82.740527
33.577272,-112.450561
39.9611,-86.274
34.199165,-95.421334
31.85525,-106.564214
39.9563,-82.9306
31.8199,-81.654
38.3088,-104.8032
32.839,-117.189245
37.6017,-122.4189
35.038351,-81.984329
42.025928,-88.157539
44.282173,-73.984712
42.339033,-71.077862
41.882467,-87.765388
37.64141,-120.995034
40.823,-73.8181
39.189778,-78.184894
38.7128,-87.7575
18.447024,-66.417523
29.520596,-98.578849
27.914096,-82.241388
32.232585,-93.82897
33.104575,-96.119782
33.644479,-117.671278
36.2716,-98.4756
41.6324,-80.2356
47.2244,-117.0712
42.9582,-74.1687
26.398705,-98.920598
30.177315,-97.280159
30.7464,-88.2862
41.103973,-81.497977
35.5066,-97.9577
42.543318,-96.391123
39.9863,-105.1126
43.0717,-89.3248
36.0659,-95.8038
34.1803,-118.9368
43.253214,-88.260308
40.653521,-73.514603
33.3665,-86.7342
21.457438,-157.845755
42.8098,-83.7864
37.602759,-121.005854
38.381428,-84.293859
36.162258,-86.855347
34.998772,-101.929637
30.177556,-81.605878
26.843936,-81.098446
40.7174,-73.9894
40.609688,-73.735142
44.033011,-88.540025
26.413822,-81.426729
42.30754,-113.373572
26.632313,-81.808211
41.296895,-91.688732
30.523079,-88.688436
35.177534,-87.738604
47.1615,-122.4086
33.71915,-78.864795
41.389597,-95.686599
33.366351,-97.188261
42.866665,-83.136661
37.584403,-83.708913
33.730548,-92.621291
35.063094,-94.623629
39.296846,-76.597726
38.4517,-122.6978
35.049568,-89.882339
41.944162,-70.652224
43.0358,-77.1114
45.50798,-92.967283
18.343412,-66.310707
37.360302,-118.434249
40.104028,-78.935423
40.7178,-74.0138
32.698,-114.6298
42.091309,-79.291678
40.676236,-73.418902
32.438472,-100.541262
42.7249,-78.8162
42.257766,-85.589058
33.88234,-112.144123
41.970015,-91.678888
39.209995,-93.519133
30.046319,-94.880004
38.74325,-108.071171
30.674955,-87.904953
44.735513,-92.885278
40.088222,-79.755003
34.024592,-118.826536
33.295095,-111.094749
42.4801,-71.45815
33.226685,-87.482415
43.692318,-83.46355
32.239477,-110.888052
33.662074,-117.819684
31.700347,-98.127256
46.409049,-105.820629
38.422778,-122.735466
42.155288,-71.41299
45.013598,-92.797871
42.064867,-78.167659
34.475756,-87.864784
39.7848,-86.2475
33.493013,-79.095863
58.733307,-157.004582
30.346183,-92.108416
30.054757,-83.170838
41.829698,-72.526663
37.9793,-87.8973
39.465722,-88.376933
40.7226,-74.2292
35.862283,-86.397771
35.307514,-77.146568
42.26516,-72.49142
34.383375,-94.366969
41.532406,-74.060983
30.315389,-89.254384
41.2101,-73.8752
37.3808,-79.2037
42.7345,-84.6109
46.588047,-95.581561
39.7148,-75.4704
42.564345,-70.959092
44.957781,-93.412898
40.639656,-74.079797
33.398519,-79.928795
41.253149,-97.12495
41.492298,-73.682031
34.4659,-96.0529
28.059661,-82.458205
38.789361,-77.459816
45.4234,-122.7026
39.8117,-105.0433
35.8575,-85.0588
35.22846,-80.814761
40.969583,-75.995705
39.0007,-77.406
37.528,-121.964
32.667476,-116.295819
40.7825,-74.0159
25.983701,-80.152704
33.8702,-118.0878
32.894382,-109.826814
42.11464,-72.75374
32.3019,-111.0026
32.76918,-97.387178
42.9311,-83.039
33.377405,-117.255099
40.0674,-87.707052
37.9774,-79.6063
42.608213,-89.649547
41.611255,-83.591034
45.5622,-122.6818
34.4913,-85.6685
42.005812,-87.726403
35.340358,-97.513255
40.576274,-98.398036
29.444263,-95.451591
34.593349,-118.180532
47.842463,-103.638291
38.1472,-84.1101
25.7037,-80.297122
58.108798,-135.442182
34.144241,-118.813656
34.926442,-87.670626
29.416798,-98.727767
39.316328,-84.286939
40.79924,-81.376671
37.2239,-121.7831
40.4227,-75.1949
40.285315,-85.838066
41.58853,-87.833585
32.459501,-100.390306
37.071378,-113.510206
29.832436,-95.725229
33.495776,-112.224385
43.69403,-124.123728
37.1077,-76.522
41.579155,-87.307697
35.819196,-90.452545
37.31895,-87.128672
26.244512,-98.252084
30.427941,-84.279383
45.215101,-122.473553
33.788518,-111.958556
35.518324,-120.522824
40.159533,-74.676925
38.398699,-90.430044
40.7411,-73.2103
42.3914,-86.2733
43.193237,-90.435674
28.287368,-82.536655
38.8573,-76.874
38.8775,-104.8028
33.574027,-98.439576
33.762973,-84.513714
39.3389,-76.5525
34.198397,-79.696169
43.012413,-71.583711
42.947253,-71.436778
42.1261,-80.0766
45.675823,-111.170489
34.872121,-86.45435
33.392166,-111.556062
42.83841,-88.704318
67.57182,-162.987837
40.835939,-89.564201
36.741623,-119.76196
33.735137,-117.8097
36.38206,-100.814058
39.169151,-74.792907
41.720258,-83.495409
40.25933,-122.20799
39.2835,-74.5724
35.202585,-111.580019
41.24,-76.7329
26.664626,-81.916689
37.51249,-84.655347
33.28311,-111.66672
35.721,-78.857
41.584476,-88.925265
31.290306,-85.840765
29.724352,-95.521884
30.049125,-91.039801
40.513,-79.9187
32.549137,-97.356307
27.44326,-80.354751
33.565175,-83.940363
48.061145,-122.199808
38.389596,-85.437086
32.789997,-79.95466
36.867555,-121.40532
43.0119,-87.9583
35.4195,-79.5735
41.544804,-80.872075
29.685934,-95.561951
33.8639,-118.3364
41.191195,-87.776391
40.763789,-96.70522
32.92055,-112.889912
39.965749,-88.267788
19.744529,-155.093322
37.784891,-97.238673
44.241504,-86.331243
38.054343,-122.529447
58.329568,-134.467695
38.3309,-75.2114
32.1537,-95.1124
36.167339,-115.344163
38.223516,-85.758289
43.40311,-70.909143
45.63009,-108.91575
38.4373,-122.6704
30.2977,-90.7958
37.0118,-80.0477
47.677698,-122.396331
27.80492,-82.270617
33.9836,-118.0691
28.090249,-80.619923
39.108681,-84.522074
39.526916,-119.892689
45.654194,-91.553807
42.305122,-122.892565
37.771864,-100.021468
38.655722,-122.793462
32.888449,-96.874461
37.6368,-120.7749
40.6268,-75.34
33.256422,-117.312617
41.680672,-111.824357
30.779186,-88.178953
37.624393,-82.153444
39.8437,-96.6453
41.4739,-81.569389
43.2031,-77.671161
39.731,-105.0636
45.594903,-106.271119
41.446996,-81.791798
30.41155,-81.690066
40.497185,-81.980977
33.461027,-112.311386
29.340085,-98.597718
42.586689,-114.508627
40.714569,-99.089028
37.74551,-121.134751
38.485855,-90.506485
29.80538,-94.380744
39.8669,-76.1541
34.80762,-82.389558
30.343798,-97.748694
40.2288,-76.1485
36.6401,-82.5753
42.1362,-75.9617
40.7087,-73.9397
34.828233,-87.290232
47.4258,-119.1208
34.016386,-117.715931
29.04399,-95.407128
37.982333,-121.301605
38.059444,-97.363543
40.9261,-73.8962
44.7543,-92.7927
37.757834,-84.275414
37.5022,-77.6491
39.7783,-79.9185
41.7961,-85.6377
34.0581,-84.3366
36.04195,-82.936289
33.065349,-96.744875
61.602478,-149.242166
31.305355,-89.404393
34.22719,-118.498626
42.4633,-83.8892
35.160468,-83.381534
36.040713,-94.252928
40.6631,-73.6798
38.957737,-92.353233
36.094246,-84.144531
32.91921,-97.005521
41.677148,-71.543225
35.167662,-106.550258
39.119815,-90.329411
33.203533,-96.520717
31.2525,-93.3385
17.988497,-66.921432
40.8392,-74.2438
32.243856,-110.795108
41.815134,-112.11752
41.6577,-87.6069
36.032685,-115.120183
40.1663,-84.9755
35.947831,-95.93526
37.024,-76.3829
39.057342,-88.382671
47.5729,-122.3903
30.318912,-81.692247
42.337491,-122.90005
32.732133,-117.1624
35.717029,-91.440524
44.787992,-69.391337
29.875291,-93.942768
40.528839,-112.310446
30.452602,-81.671327
42.087223,-70.917443
30.013324,-95.282666
33.8166,-84.6343
42.346,-83.3448
41.996913,-97.600083
45.028236,-94.066346
42.6419,-84.5698
34.663398,-99.565987
29.152998,-98.156784
47.5465,-122.2825
35.417219,-94.516903
32.331029,-86.247158
30.645433,-97.044192
35.333859,-119.027252
33.521918,-101.852103
39.251987,-76.628358
42.65744,-71.309032
36.703158,-76.963613
41.172138,-80.112063
40.686936,-84.053384
36.110532,-94.571995
29.929907,-95.500129
30.17016,-81.834016
45.66646,-122.598373
39.7479,-104.8904
42.304158,-85.613492
42.0947,-75.891
41.1814,-73.7776
41.595645,-87.720955
41.864384,-87.701398
18.3772,-66.1668
33.03023,-97.319461
39.3413,-85.4679
33.847616,-118.198974
33.531696,-101.960711
39.178,-78.1767
40.092583,-111.628497
40.672381,-89.639351
25.877651,-80.249097
43.332419,-71.95458
29.912403,-95.359298
46.831897,-96.760737
30.301757,-81.635426
35.04769,-81.973348
43.64966,-72.304689
29.762747,-98.702573
40.3301,-73.9842
32.911659,-97.542896
40.27097,-96.727199
39.379582,-91.035948
18.266863,-66.695568
31.138435,-97.44019
41.599801,-71.643075
44.354279,-100.372626
38.2284,-77.5538
38.561792,-90.129605
36.06679,-90.55493
48.766985,-101.511238
40.832056,-73.917687
40.782792,-97.810443
33.205145,-80.055433
43.0319,-85.5907
32.884134,-105.180335
33.4553,-82.0003
43.061134,-124.143029
18.246646,-66.989244
37.085456,-84.614554
28.0846,-97.8133
26.332543,-98.231932
40.2937,-76.8107
48.4421,-120.17
36.006253,-105.948699
40.069948,-82.377156
34.026463,-118.324518
48.880079,-111.915113
37.940908,-97.018911
33.3437,-111.5932
40.84039,-73.844419
40.626047,-74.327838
21.31679,-158.011534
40.20919,-83.02071
38.0592,-122.147
39.6782,-104.7646
44.482139,-71.188207
32.245363,-90.91775
39.1873,-96.5931
38.045594,-121.366342
26.161683,-98.270446
39.7283,-84.2725
41.167212,-73.208527
32.8274,-116.9531
46.977653,-124.154042
31.878242,-89.753785
28.022984,-82.236009
39.534835,-76.990829
41.677183,-81.317579
36.1938,-95.3488
45.775592,-92.673098
40.537808,-124.042541
40.7742,-74.1345
42.193672,-71.221824
40.414523,-111.911174
35.5076,-81.6208
43.146443,-98.138737
43.4106,-73.4919
38.359659,-76.706229
34.185118,-118.134731
37.701788,-122.116386
42.9797,-84.127
33.6979,-117.4015
37.152125,-80.564248
42.4857,-82.9547
35.017616,-107.4809
46.3708,-87.9828
38.683976,-84.072647
36.5531,-119.3777
40.987,-82.6529
37.193048,-86.251533
36.744812,-108.169745
43.731293,-111.099334
43.7615,-90.5795
30.234932,-95.15994
38.556756,-76.588346
41.587156,-72.682417
39.104902,-94.422235
40.0151,-75.1332
46.031023,-118.387252
42.576762,-73.299172
35.33471,-81.913687
37.482616,-121.125567
39.606793,-119.837161
37.536957,-77.324
39.2737,-76.4846
33.8806,-117.8944
28.687316,-81.344086
39.2396,-84.4733
39.08434,-121.53911
39.8499,-74.9674
39.94676,-75.077427
42.204649,-71.423496
41.631881,-88.690889
30.370025,-97.393047
32.128793,-94.345456
30.205996,-97.706658
37.482521,-86.28494
34.11709,-117.793561
38.978107,-94.629413
33.02569,-96.865858
43.396793,-84.90756
44.036012,-107.447922
40.915487,-73.837126
38.642343,-90.312496
44.016803,-97.529603
47.001812,-108.352708
47.686379,-122.342398
42.317686,-83.336979
33.4861,-112.2444
38.7638,-77.0794
35.624817,-97.508039
37.1323,-80.4154
32.078666,-106.278432
34.1735,-97.9935
42.4631,-83.1756
39.3774,-76.6987
36.1353,-86.8077
35.6653,-80.7165
41.188409,-104.351263
27.223854,-98.143515
43.672519,-93.574279
42.3721,-87.9139
44.956373,-93.108895
37.067373,-88.734925
38.592394,-93.855082
36.010382,-115.104678
28.200078,-82.758344
42.567834,-70.929187
33.8195,-84.39
40.658715,-73.928686
37.962551,-98.594214
39.9425,-75.2807
37.741678,-88.277422
38.4575,-77.4199
38.486847,-121.47205
39.762379,-81.130112
40.852489,-82.325563
37.7953,-97.111
38.2223,-103.7574
42.8754,-87.9007
42.2883,-77.2137
39.826548,-75.123915
39.836801,-75.24495
38.285666,-90.399047
40.0542,-83.007
37.826947,-81.94276
33.6372,-86.1008
40.562079,-90.009569
40.5752,-86.6649
29.456676,-98.356894
39.631418,-89.017055
26.706822,-80.040114
37.14813,-84.076938
43.763346,-71.700752
33.3234,-112.0071
36.280175,-92.600584
32.397374,-96.796357
28.55013,-81.385021
36.363,-86.5478
38.0989,-122.2113
40.437739,-83.302239
32.465626,-96.834076
36.2254,-86.2858
34.719817,-81.002917
42.382769,-83.21087
39.3894,-76.8178
37.354021,-121.821382
38.7903,-77.1139
35.4779,-97.2793
33.680958,-117.721912
36.834677,-119.683611
42.0766,-87.9862
39.9883,-104.8165
36.008123,-106.038887
41.512681,-90.622988
43.066679,-70.752531
41.4667,-87.473
44.388509,-69.467402
40.22278,-118.388039
39.6386,-75.9567
44.902118,-93.217206
42.750021,-71.424135
44.3594,-89.7171
44.253525,-116.978555
40.4935,-107.2613
32.848018,-87.900021
38.804,-77.3102
35.382236,-120.859815
40.2396,-76.8179
29.653124,-98.439487
38.6351,-87.4218
33.748907,-90.724987
36.643433,-94.42608
35.06457,-120.593729
33.919019,-118.182713
33.248888,-96.634636
35.839466,-83.800727
44.549168,-73.160029
33.3618,-111.7499
35.0844,-78.9901
18.413122,-66.329311
40.51267,-111.851443
30.776255,-85.227132
42.7372,-73.7106
42.812182,-72.018515
36.724218,-119.830166
36.674162,-121.623715
33.938635,-118.23874
40.6647,-73.7593
40.97964,-73.881567
37.546055,-77.919616
42.497296,-82.908664
33.539862,-112.137905
32.800886,-79.94956
45.152312,-67.403455
43.621826,-70.268003
43.1157,-124.4194
43.640297,-116.572043
33.394549,-112.100207
43.900146,-72.13748
34.102505,-118.238968
33.023245,-117.089488
42.2234,-85.9037
39.401033,-122.0111
42.1992,-83.4616
45.666615,-118.798609
42.908102,-88.118114
34.2392,-84.2897
42.487426,-95.537045
43.4173,-86.3632
42.7918,-73.9661
48.502315,-109.543068
43.123,-78.9386
37.977103,-121.34919
40.0622,-75.0812
37.696033,-77.890089
33.9935,-84.3115
35.621209,-88.791359
41.5964,-72.8783
40.995388,-92.426951
27.848947,-82.147683
47.642428,-121.913785
34.166772,-81.273473
41.356509,-84.321971
46.738347,-116.982624
21.444898,-157.749392
36.377586,-94.296552
41.429161,-91.047841
41.4288,-85.5836
35.4612,-79.1134
44.556088,-68.428207
35.9708,-80.5167
43.660511,-116.344142
33.188204,-96.632484
38.4469,-85.6675
27.361943,-99.480255
27.487341,-82.561112
38.407678,-80.55515
43.0844,-88.3346
36.318342,-119.321675
44.984837,-93.297011
39.577569,-83.467445
41.01157,-111.958241
33.519899,-86.808778
38.700571,-121.370196
34.682943,-118.153219
45.636377,-122.612841
33.16693,-90.18375
39.41952,-77.413976
39.844202,-77.495645
44.908103,-97.09802
33.3625,-112.0876
39.877893,-81.912313
45.6951,-121.5432
41.7333,-87.5679
40.821439,-73.986902
43.370926,-99.852537
35.255243,-101.831912
40.7374,-73.8681
43.0717,-83.8268
33.929221,-97.124561
37.0543,-76.3188
43.956,-75.91
33.032394,-96.838999
43.1741,-78.7048
30.361568,-91.142176
43.090355,-87.94914
41.84256,-87.772997
42.315995,-122.873277
36.306048,-87.074082
36.7846,-75.9916
47.912883,-122.244271
32.48032,-93.74538
34.1736,-86.8359
41.8598,-72.9151
46.4931,-122.9409
39.6588,-87.4073
40.158992,-75.10847
39.251132,-121.029312
42.6116,-82.9343
39.082,-108.5091
36.717247,-85.13883
36.713148,-119.73777
36.126916,-111.223036
38.0598,-75.5527
40.5635,-105.0526
34.432,-87.0899
43.64738,-116.42071
42.889483,-71.321952
37.3813,-85.9026
39.752346,-77.088677
42.6303,-83.1585
34.207556,-87.053468
39.117576,-84.555948
46.126677,-107.55672
45.592653,-122.401196
41.802819,-107.22711
26.271507,-81.661735
42.8918,-73.9781
30.19183,-92.04263
33.457049,-96.736952
30.452449,-97.618305
45.524,-122.4383
39.784932,-97.896671
38.4766,-77.4787
28.898824,-97.190675
43.390332,-123.310864
42.030798,-96.08829
35.028392,-110.689272
42.8054,-89.6341
41.178659,-104.839539
44.649677,-123.041134
45.610759,-122.441068
40.880184,-73.827211
60.80468,-161.772468
33.4941,-86.8097
42.124143,-72.555376
33.5922,-84.499
37.3481,-121.9875
37.239764,-121.897701
46.574019,-120.632933
30.339793,-81.572735
40.963572,-90.388375
41.862201,-87.89279
41.451444,-82.703712
38.262092,-85.815312
32.696089,-117.069084
40.726472,-123.944283
41.6076,-87.6269
36.2137,-83.2859
39.769906,-86.074522
30.272213,-97.708946
40.0623,-85.9941
47.50461,-94.874697
37.3402,-122.0586
40.9936,-74.0108
32.807032,-96.749308
34.143761,-117.512986
44.047823,-92.747621
39.659654,-104.992999
30.388658,-97.652574
39.0302,-84.215
25.941157,-80.282514
36.593026,-90.248489
40.670896,-73.907818
37.132161,-80.557291
32.685983,-97.297123
43.866932,-95.108597
40.551845,-84.381453
35.046235,-89.959698
26.683947,-80.248428
29.366648,-98.550314
41.779853,-88.250035
38.985001,-94.489005
38.93608,-119.974878
30.257443,-84.355467
43.674428,-116.659872
44.6342,-121.1056
43.11399,-94.684861
40.692,-74.4152
42.179,-83.2044
42.8844,-73.922
42.502733,-83.002075
30.511138,-97.682097
39.19513,-120.120481
39.878674,-75.330129
28.479135,-82.509747
27.3249,-82.519139
35.323711,-119.014552
37.388852,-77.494815
35.5143,-95.9592
31.905464,-106.389094
48.75927,-122.487031
37.352169,-121.873099
32.8545,-97.116
37.566301,-122.363354
32.238191,-101.464622
36.7509,-81.8582
37.0939,-80.7173
47.069646,-109.440757
38.8151,-77.163
33.910267,-118.372223
41.346844,-89.102348
32.888291,-97.365528
43.280244,-83.523287
38.671147,-90.212613
43.0227,-76.0019
42.563399,-77.600453
34.389,-117.3841
38.397854,-113.013531
45.455436,-112.192401
43.0136,-87.990667
37.298159,-89.540922
42.6914,-84.2744
28.29258,-82.45501
41.9489,-72.5703
42.254615,-83.587554
40.142553,-75.465062
38.895122,-94.814811
43.6996,-91.0149
40.3018,-90.0586
40.8054,-77.9224
41.552064,-72.6256
42.603784,-71.922342
33.5422,-86.7521
29.801252,-95.388827
38.9657,-95.2678
34.147697,-99.289591
40.2907,-76.8032
32.342716,-90.863692
39.856781,-95.535558
37.8316,-85.4276
42.484976,-71.096406
41.8131,-87.6436
29.663089,-95.243951
39.0061,-76.9028
35.114683,-81.518197
47.870171,-95.033487
44.932501,-98.21605
40.857908,-73.935557
35.897813,-86.772437
35.8885,-78.7188
34.0392,-86.0197
42.9192,-78.8864
44.962212,-93.307806
39.812435,-86.069918
34.104216,-117.767086
43.701538,-98.030245
40.405042,-79.823635
40.720001,-99.370925
40.293402,-98.25552
41.2272,-76.9989
37.111,-82.599
38.513844,-88.432074
43.839269,-82.65614
35.981371,-78.955357
31.82247,-106.511939
40.505077,-122.331964
18.1236,-66.4826
29.446336,-82.223904
38.679064,-121.15127
38.564738,-90.157863
35.28243,-118.913348
34.2306,-97.4884
41.562766,-88.272298
37.197952,-94.454635
41.509536,-71.17369
42.355359,-87.983885
36.167904,-115.129626
31.09011,-87.05455
32.132293,-110.999915
40.988176,-74.869295
33.6482,-112.1702
42.7356,-83.2926
42.825652,-71.580164
34.172419,-82.023601
38.7242,-82.9481
31.26184,-93.0097
34.9956,-80.2304
34.553072,-83.291643
29.69471,-95.616142
42.323175,-71.058142
36.690102,-80.698041
26.159574,-80.211194
37.476539,-100.848306
30.026715,-94.591034
33.502824,-112.162372
40.331952,-75.628353
40.2669,-80.1197
43.4916,-83.4077
36.086,-83.7635
29.187244,-98.85604
34.243209,-116.901384
36.331006,-93.432346
33.679724,-117.82766
34.349411,-87.706847
33.544729,-105.582588
33.7636,-84.1446
40.8661,-77.7406
39.5814,-107.5302
37.26875,-81.39086
26.91419,-82.28411
28.16663,-81.629417
29.957037,-95.435746
40.8401,-73.8392
33.920006,-109.948401
38.9242,-76.5645
40.6898,-73.3971
40.11922,-123.824835
38.751485,-89.936016
40.682651,-73.969072
42.366895,-83.09648
33.645316,-91.384133
43.6498,-84.2393
38.9463,-77.4048
21.565419,-158.126209
40.822681,-73.921556
39.7201,-104.9947
34.9697,-94.7245
39.97946,-82.916237
39.9004,-75.3164
45.177123,-89.634914
43.539656,-111.99366
41.0205,-80.6632
36.8017,-76.2727
30.421512,-97.621642
32.61995,-97.38629
33.5567,-117.7044
36.012998,-82.151924
29.733371,-95.813825
38.504,-82.5818
42.406004,-83.127893
34.931313,-86.969672
38.167079,-112.273145
37.796538,-122.263195
28.438287,-80.760202
34.1308,-117.5815
36.9761,-86.4467
44.460122,-68.925269
34.170774,-118.161632
42.369359,-71.097805
33.4725,-111.8989
30.315389,-89.254384
36.830792,-86.903628
40.831932,-91.137617
34.010776,-117.971939
42.4933,-83.1767
33.627751,-112.383868
38.504594,-89.138174
40.481,-74.2743
42.1626,-77.0824
34.762552,-83.082364
44.629768,-89.314321
40.330883,-79.544512
43.104155,-72.77516
33.094551,-97.238332
39.676918,-75.585756
35.6673,-78.7603
42.022129,-88.082974
35.838916,-90.719522
25.79955,-80.19682
40.831848,-73.878614
39.8672,-77.0525
34.253421,-118.285029
33.277024,-111.78437
33.934602,-118.335354
40.497601,-111.96141
38.854468,-94.386194
41.885316,-87.983485
33.5131,-112.2149
39.324736,-120.216412
39.205507,-77.260169
36.427,-94.787
33.4276,-111.5901
35.349087,-98.455399
27.899473,-82.80247
34.016,-117.4398
18.393345,-66.132321
34.062037,-117.950524
42.16781,-75.864812
34.3471,-119.0789
25.711872,-80.451394
31.851659,-102.373909
35.755406,-95.378009
40.1215,-83.1005
27.771041,-82.327435
39.0825,-77.2487
40.6751,-73.7366
34.041846,-118.175531
33.1901,-117.2848
44.9858,-123.0123
32.685742,-114.664339
38.615271,-121.476073
43.572613,-87.822445
38.797242,-96.731919
42.939411,-100.954958
29.822411,-95.366367
39.9915,-105.0782
39.091174,-94.523902
35.1308,-90.0216
40.7687,-73.1095
28.286667,-81.471362
33.55176,-82.201742
34.434312,-79.355225
29.958108,-90.172911
32.668382,-96.706364
37.944335,-122.043391
43.541528,-116.813237
37.2622,-79.9865
47.5323,-122.2289
39.1187,-77.2152
45.63,-122.6765
41.0676,-72.3382
42.456328,-82.957598
40.7665,-73.7009
39.47158,-88.363363
33.8799,-84.5506
31.358322,-92.412239
33.363413,-95.692904
35.947831,-95.93526
44.958291,-93.111334
34.3586,-119.0629
38.218184,-122.146261
45.2205,-122.5811
44.85261,-123.224578
43.9872,-75.901
36.172896,-115.086731
32.592451,-96.957663
32.676007,-84.918258
34.061536,-118.263282
42.160479,-78.739032
29.677001,-95.222562
40.6522,-73.6326
41.6896,-86.2093
38.2141,-85.6884
42.591002,-83.266871
28.568772,-82.376218
39.79836,-79.041884
32.747315,-97.001528
39.130071,-93.981585
42.6359,-83.1032
36.1664,-86.6564
41.253701,-80.876297
42.0923,-79.2166
46.70634,-92.362365
39.75318,-104.866441
45.24,-92.2693
35.607986,-86.570629
40.0057,-85.5257
29.671596,-95.411406
39.9316,-75.1728
38.0403,-87.28
42.653956,-71.385874
46.523182,-97.934377
37.69745,-85.904971
35.179354,-101.839038
31.323712,-99.409689
48.139484,-104.225959
26.606707,-80.123514
33.188238,-98.737741
27.943304,-82.29122
39.5966,-77.8102
40.5306,-80.1686
35.393654,-97.493873
42.966403,-90.146558
39.439887,-89.648463
33.986195,-118.319989
39.768765,-86.136934
29.041669,-81.283885
39.8936,-82.5335
26.2101,-97.7313
32.9671,-117.1484
34.050717,-118.474634
29.818396,-95.374655
35.259812,-80.732648
41.485088,-81.605192
43.1032,-77.4091
46.9915,-122.8059
27.536576,-99.4996
38.889624,-83.891262
33.8245,-117.9058
34.2217,-83.9096
29.795696,-95.494674
30.024568,-95.112381
41.947057,-88.173596
41.606686,-74.174428
38.5246,-82.6696
35.02999,-80.82665
39.479336,-84.48815
41.7262,-87.7911
40.9344,-72.2499
45.078304,-93.477899
41.811188,-87.598128
27.792737,-97.404858
40.781125,-82.217731
44.807773,-73.082471
34.207989,-119.075053
35.4512,-97.5039
36.277506,-81.646499
29.805996,-95.4801
32.4625,-91.4838
44.892243,-71.49916
41.28563,-82.83849
45.002124,-92.882237
41.720808,-89.690782
35.306595,-119.010879
35.8117,-84.2789
42.2704,-88.3142
35.836923,-81.312119
40.828095,-74.255427
34.474318,-118.185622
39.461933,-79.68262
40.87098,-73.165736
34.93224,-119.609234
41.799039,-92.066632
39.864,-82.765
44.0497,-122.9248
38.583177,-122.578254
33.7548,-84.3278
37.78215,-122.270091
40.484642,-80.101176
31.540008,-89.80294
43.128325,-77.646996
35.3272,-97.567
33.771068,-117.896456
40.870699,-73.525739
27.822636,-82.657124
40.674933,-73.783083
41.1042,-73.533
26.156549,-80.147022
38.844413,-106.126921
31.762418,-106.35716
46.990405,-104.196048
28.763276,-81.666109
38.72172,-121.359222
34.8343,-86.7156
29.712074,-95.765457
41.534,-81.5852
42.5981,-82.8945
35.11687,-106.52559
40.550769,-74.474739
31.3052,-85.8373
34.842165,-95.568116
32.839429,-104.427301
33.443,-84.511
43.908751,-116.201759
34.109228,-84.521138
26.830732,-81.103262
40.299861,-79.992015
40.7492,-74.1555
43.415161,-93.531576
32.605144,-98.209982
37.1995,-80.0724
37.434107,-90.958174
42.575,-88.2573
35.4088,-97.4305
39.78069,-98.774518
38.683192,-90.505091
34.398339,-96.82655
40.7385,-82.4859
38.935424,-90.949059
38.3562,-98.5787
36.8222,-76.1598
42.673864,-71.591346
29.684409,-95.417276
34.0305,-83.9389
40.200058,-100.624156
39.7881,-85.7873
37.118031,-113.633209
34.17236,-97.262285
37.7996,-121.31912
34.378662,-92.821865
41.475471,-90.461594
36.064392,-80.206088
33.9091,-118.0341
41.605156,-80.309443
32.707014,-96.014867
47.564941,-122.669376
44.137027,-88.168982
38.304779,-91.03883
38.801589,-90.66012
37.346783,-83.472701
33.773253,-117.232657
40.705567,-111.959137
40.209537,-111.633679
40.2635,-74.2373
41.118596,-81.564029
46.659999,-112.014103
37.9333,-77.6418
41.4309,-85.5814
35.146193,-77.704468
46.921089,-97.674975
13.526364,144.875614
37.773813,-80.472979
38.8821,-104.7504
40.800993,-124.149879
39.165055,-122.90228
44.214191,-71.916219
28.572227,-81.384156
30.909167,-101.9009
41.7425,-87.7575
44.899572,-93.348816
44.471038,-116.730145
37.718339,-91.656479
61.590054,-149.769634
35.1793,-80.7976
38.421886,-87.775875
32.349855,-108.714673
40.8212,-73.489
39.9549,-105.0219
41.71308,-71.551872
41.3706,-83.6368
35.0911,-106.65365
27.620723,-99.458702
37.3501,-121.8235
35.9686,-80.8762
40.670619,-112.02585
30.898744,-83.284093
31.95373,-106.36272
39.86031,-82.983284
46.0813,-88.6339
32.565181,-117.017107
40.14883,-75.42346
38.239976,-122.032808
39.517064,-82.375687
37.289838,-77.315039
25.939545,-81.711573
31.4452,-83.4963
29.402766,-98.528536
26.726862,-80.065672
28.009626,-82.391516
34.2103,-84.2137
41.386226,-71.54647
36.5714,-119.6091
38.194513,-99.399152
40.35641,-86.841381
41.6052,-87.5897
36.199113,-119.334764
40.078821,-104.814489
39.1432,-77.4184
36.9957,-121.5763
40.877918,-111.899244
41.267283,-95.960862
34.1286,-118.186714
43.294907,-72.262557
41.478438,-81.6872
38.360441,-75.738343
30.371086,-81.695138
40.708456,-73.855888
35.136398,-101.949352
41.742455,-71.150265
38.47798,-91.022306
41.767841,-83.703409
33.486086,-101.891158
35.258385,-118.908324
29.388573,-98.482322
33.442388,-86.989675
45.513868,-109.447207
33.5549,-117.7207
38.432574,-92.855383
36.4494,-86.6421
47.8446,-122.1887
42.992995,-85.660116
44.072084,-123.355341
39.003989,-94.122976
38.633433,-121.380776
44.3783,-89.8559
47.400636,-111.206524
44.755318,-93.208831
45.589932,-103.55105
44.961766,-93.016426
32.722316,-96.881416
32.803578,-96.780708
42.578309,-71.084864
33.933,-117.2445
41.4277,-81.7249
35.639267,-101.60733
61.098677,-160.956438
44.812523,-93.296666
38.853645,-76.917277
38.086888,-122.562302
40.704,-73.9225
41.5609,-83.4716
37.2892,-122.0252
37.7548,-86.4244
39.6923,-105.3497
39.420528,-74.570931
41.6539,-83.5692
40.249922,-75.464313
39.527484,-111.586942
35.131535,-106.592591
40.9102,-73.8789
38.587531,-90.304345
28.538573,-81.719881
41.7205,-87.6659
38.183663,-81.700696
39.832836,-82.842837
40.973,-73.687
32.810992,-97.437976
42.507678,-71.1619
40.7528,-73.0842
39.572203,-84.814936
40.581486,-80.072525
38.579319,-94.852898
42.603975,-89.622299
42.1345,-75.9686
34.180601,-118.35189
42.204309,-88.083834
41.480448,-81.785695
40.6414,-74.2523
30.393857,-81.427967
41.3249,-73.8594
28.359058,-82.19772
39.507649,-89.774983
30.374934,-89.44924
39.9672,-80.7596
39.4976,-88.1738
39.9178,-75.0538
43.128,-83.7008
38.647923,-90.221271
42.10877,-71.657529
38.4811,-122.6717
32.961627,-96.763452
40.61089,-111.883671
40.900682,-111.882744
40.7105,-105.0017
29.83845,-95.268239
39.00233,-94.583692
40.6982,-73.7462
33.6425,-112.1838
43.3144,-73.632
35.113067,-101.896885
35.5364,-97.6123
37.052356,-120.876907
39.026403,-77.373613
35.083845,-89.930822
40.6533,-73.933
34.029057,-118.257698
42.743993,-123.4147
34.1702,-119.162
42.0847,-76.7944
35.182268,-85.530995
32.875382,-111.9633
33.154521,-96.824136
33.452889,-104.529563
30.3418,-97.3654
37.84101,-88.612681
37.261289,-121.88008
39.7638,-76.8547
27.266377,-80.838206
35.051503,-97.957839
48.121569,-114.457395
39.311688,-76.633052
33.921524,-117.506324
41.6057,-87.5096
33.4419,-111.7805
45.076325,-93.252443
29.391343,-94.916511
42.503339,-83.784577
42.522433,-70.893162
40.675385,-73.816627
35.06227,-106.646029
37.98124,-101.137798
40.707957,-80.278687
26.150079,-80.173707
33.124273,-117.080631
39.100175,-94.541209
29.949513,-82.110255
26.774024,-80.32861
37.261958,-107.062515
39.428927,-108.04808
34.111321,-80.883447
42.380122,-71.060936
41.877108,-71.634328
32.380524,-90.171306
45.65374,-118.803271
42.224874,-78.033208
36.2672,-83.1838
37.549726,-122.367258
41.6863,-73.574022
41.2201,-80.7865
35.579615,-82.587406
34.807895,-92.461305
34.089228,-118.27522
42.021412,-88.262228
40.122395,-83.064544
40.860011,-73.860361
34.214405,-80.727067
39.54991,-94.043374
40.686945,-81.162137
28.295777,-82.250897
35.9409,-78.2638
36.846463,-120.446471
41.757202,-88.292034
34.0228,-84.1942
39.083179,-121.536156
38.585743,-90.220418
42.442222,-82.961723
39.937502,-104.897042
37.92078,-122.305832
33.4599,-102.485968
43.615609,-116.244495
47.6001,-122.032
31.504276,-97.135929
41.292,-73.0041
42.269037,-71.807253
41.902576,-87.79842
32.328418,-81.040534
41.753742,-87.769778
39.260477,-84.811837
32.3214,-102.5516
32.008339,-80.985847
38.994614,-95.676146
31.498755,-95.485242
48.717471,-112.2236
45.087995,-93.390784
41.8799,-87.7078
29.565666,-98.580708
35.256966,-118.913407
31.7608,-83.2593
40.6115,-79.74
38.815774,-77.055387
32.826086,-96.693622
37.383643,-121.900494
29.347311,-98.484321
43.9571,-86.2858
28.298625,-81.349596
